timestamp,step,duration_ms
2025-06-05T17:36:40.258Z,start,0
2025-06-05T17:36:40.258Z,input-checked,0
2025-06-05T17:36:40.660Z,memory-handled,0
2025-06-05T17:36:40.960Z,comprehensive-query-formed,0
2025-06-05T17:36:40.961Z,Starting iterative retrieval for: "What is the main focus of "Telecoupling Research: The First Five Years"?",0
2025-06-05T17:36:40.961Z,Iteration #1: reasoning,0
2025-06-05T17:36:47.080Z,start,0
2025-06-05T17:36:47.081Z,input-checked,0
2025-06-05T17:36:47.092Z,memory-handled,0
2025-06-05T17:36:47.356Z,comprehensive-query-formed,0
2025-06-05T17:36:47.356Z,Starting iterative retrieval for: "What is the main focus of "Telecoupling Research: The First Five Years"?",0
2025-06-05T17:36:47.356Z,Iteration #1: reasoning,0
2025-06-05T17:36:52.910Z,start,0
2025-06-05T17:36:52.910Z,input-checked,0
2025-06-05T17:36:52.921Z,memory-handled,0
2025-06-05T17:36:53.185Z,comprehensive-query-formed,0
2025-06-05T17:36:53.185Z,Starting iterative retrieval for: "What is the main focus of "Telecoupling Research: The First Five Years"?",0
2025-06-05T17:36:53.185Z,Iteration #1: reasoning,0
2025-06-05T17:37:06.121Z,start,0
2025-06-05T17:37:06.121Z,input-checked,0
2025-06-05T17:37:06.132Z,memory-handled,0
2025-06-05T17:37:06.439Z,comprehensive-query-formed,0
2025-06-05T17:37:06.439Z,Starting iterative retrieval for: "What is the main focus of the document titled 'Integration across a metacoupled world'?",0
2025-06-05T17:37:06.439Z,Iteration #1: reasoning,0
2025-06-05T17:37:11.395Z,start,0
2025-06-05T17:37:11.395Z,input-checked,0
2025-06-05T17:37:11.409Z,memory-handled,0
2025-06-05T17:37:11.675Z,comprehensive-query-formed,0
2025-06-05T17:37:11.675Z,Starting iterative retrieval for: ""What is the main focus of 'Integration across a metacoupled world'?"",0
2025-06-05T17:37:11.675Z,Iteration #1: reasoning,0
2025-06-05T17:37:18.112Z,start,0
2025-06-05T17:37:18.112Z,input-checked,0
2025-06-05T17:37:18.124Z,memory-handled,0
2025-06-05T17:37:18.429Z,comprehensive-query-formed,0
2025-06-05T17:37:18.429Z,Starting iterative retrieval for: ""What is the main focus of the document titled 'Integration across a metacoupled world'?"",0
2025-06-05T17:37:18.429Z,Iteration #1: reasoning,0
2025-06-05T17:37:26.944Z,start,0
2025-06-05T17:37:26.944Z,input-checked,0
2025-06-05T17:37:26.956Z,memory-handled,0
2025-06-05T17:37:27.231Z,comprehensive-query-formed,0
2025-06-05T17:37:27.231Z,Starting iterative retrieval for: ""What problem does 'Framing Sustainability in a Telecoupled World' address?"",0
2025-06-05T17:37:27.231Z,Iteration #1: reasoning,0
2025-06-05T17:37:32.906Z,start,0
2025-06-05T17:37:32.906Z,input-checked,0
2025-06-05T17:37:32.920Z,memory-handled,0
2025-06-05T17:37:33.183Z,comprehensive-query-formed,0
2025-06-05T17:37:33.184Z,Starting iterative retrieval for: ""What problem does 'Framing Sustainability in a Telecoupled World' address?"",0
2025-06-05T17:37:33.184Z,Iteration #1: reasoning,0
2025-06-05T17:37:40.337Z,start,0
2025-06-05T17:37:40.337Z,input-checked,0
2025-06-05T17:37:40.350Z,memory-handled,0
2025-06-05T17:37:40.613Z,comprehensive-query-formed,0
2025-06-05T17:37:40.613Z,Starting iterative retrieval for: ""What problem does 'Framing Sustainability in a Telecoupled World' address?"",0
2025-06-05T17:37:40.613Z,Iteration #1: reasoning,0
2025-06-05T17:37:48.696Z,start,0
2025-06-05T17:37:48.696Z,input-checked,0
2025-06-05T17:37:48.708Z,memory-handled,0
2025-06-05T17:37:48.901Z,comprehensive-query-formed,0
2025-06-05T17:37:48.901Z,Starting iterative retrieval for: "Why are spillover systems important in the paper?",0
2025-06-05T17:37:48.901Z,Iteration #1: reasoning,0
2025-06-05T17:37:57.154Z,start,0
2025-06-05T17:37:57.154Z,input-checked,0
2025-06-05T17:37:57.166Z,memory-handled,0
2025-06-05T17:37:57.361Z,comprehensive-query-formed,0
2025-06-05T17:37:57.361Z,Starting iterative retrieval for: "Why are spillover systems important according to the paper?",0
2025-06-05T17:37:57.362Z,Iteration #1: reasoning,0
2025-06-05T17:38:05.033Z,start,0
2025-06-05T17:38:05.033Z,input-checked,0
2025-06-05T17:38:05.047Z,memory-handled,0
2025-06-05T17:38:05.295Z,comprehensive-query-formed,0
2025-06-05T17:38:05.295Z,Starting iterative retrieval for: "Why are spillover systems important in the telecoupled Anthropocene paper?",0
2025-06-05T17:38:05.295Z,Iteration #1: reasoning,0
2025-06-05T17:38:16.444Z,start,0
2025-06-05T17:38:16.444Z,input-checked,0
2025-06-05T17:38:16.455Z,memory-handled,0
2025-06-05T17:38:16.648Z,comprehensive-query-formed,0
2025-06-05T17:38:16.648Z,Starting iterative retrieval for: ""What does 'Systems integration for global sustainability' propose?"",0
2025-06-05T17:38:16.648Z,Iteration #1: reasoning,0
2025-06-05T17:38:22.880Z,start,0
2025-06-05T17:38:22.880Z,input-checked,0
2025-06-05T17:38:22.893Z,memory-handled,0
2025-06-05T17:38:23.076Z,comprehensive-query-formed,0
2025-06-05T17:38:23.076Z,Starting iterative retrieval for: ""What does 'Systems integration for global sustainability' propose?"",0
2025-06-05T17:38:23.076Z,Iteration #1: reasoning,0
2025-06-05T17:38:29.537Z,start,0
2025-06-05T17:38:29.537Z,input-checked,0
2025-06-05T17:38:29.548Z,memory-handled,0
2025-06-05T17:38:29.730Z,comprehensive-query-formed,0
2025-06-05T17:38:29.730Z,Starting iterative retrieval for: ""What does 'Systems integration for global sustainability' propose?"",0
2025-06-05T17:38:29.730Z,Iteration #1: reasoning,0
2025-06-05T17:38:40.557Z,start,0
2025-06-05T17:38:40.558Z,input-checked,0
2025-06-05T17:38:40.569Z,memory-handled,0
2025-06-05T17:38:40.734Z,comprehensive-query-formed,0
2025-06-05T17:38:40.734Z,Starting iterative retrieval for: "How can local groundwater policies create international effects?",0
2025-06-05T17:38:40.734Z,Iteration #1: reasoning,0
2025-06-05T17:38:49.051Z,start,0
2025-06-05T17:38:49.051Z,input-checked,0
2025-06-05T17:38:49.062Z,memory-handled,0
2025-06-05T17:38:49.217Z,comprehensive-query-formed,0
2025-06-05T17:38:49.217Z,Starting iterative retrieval for: "Local groundwater policies and international effects in sustainability study",0
2025-06-05T17:38:49.218Z,Iteration #1: reasoning,0
2025-06-05T17:38:58.049Z,start,0
2025-06-05T17:38:58.049Z,input-checked,0
2025-06-05T17:38:58.061Z,memory-handled,0
2025-06-05T17:38:58.215Z,comprehensive-query-formed,0
2025-06-05T17:38:58.215Z,Starting iterative retrieval for: "Sustainability policies and spillovers regarding groundwater",0
2025-06-05T17:38:58.215Z,Iteration #1: reasoning,0
2025-06-05T17:39:10.038Z,start,0
2025-06-05T17:39:10.038Z,input-checked,0
2025-06-05T17:39:10.052Z,memory-handled,0
2025-06-05T17:39:10.230Z,comprehensive-query-formed,0
2025-06-05T17:39:10.230Z,Starting iterative retrieval for: "What does the Aqueduct Water Risk Atlas provide?",0
2025-06-05T17:39:10.230Z,Iteration #1: reasoning,0
2025-06-05T17:39:15.929Z,start,0
2025-06-05T17:39:15.929Z,input-checked,0
2025-06-05T17:39:15.940Z,memory-handled,0
2025-06-05T17:39:16.107Z,comprehensive-query-formed,0
2025-06-05T17:39:16.107Z,Starting iterative retrieval for: "What does the Aqueduct Water Risk Atlas provide?",0
2025-06-05T17:39:16.107Z,Iteration #1: reasoning,0
2025-06-05T17:39:21.433Z,start,0
2025-06-05T17:39:21.434Z,input-checked,0
2025-06-05T17:39:21.445Z,memory-handled,0
2025-06-05T17:39:21.613Z,comprehensive-query-formed,0
2025-06-05T17:39:21.614Z,Starting iterative retrieval for: "What does the Aqueduct Water Risk Atlas provide?",0
2025-06-05T17:39:21.614Z,Iteration #1: reasoning,0
2025-06-05T17:39:29.668Z,start,0
2025-06-05T17:39:29.668Z,input-checked,0
2025-06-05T17:39:29.681Z,memory-handled,0
2025-06-05T17:39:29.940Z,comprehensive-query-formed,0
2025-06-05T17:39:29.941Z,Starting iterative retrieval for: ""What scenarios are included in the 'Urban Level Emission Scenarios' dataset?"",0
2025-06-05T17:39:29.941Z,Iteration #1: reasoning,0
2025-06-05T17:39:38.454Z,start,0
2025-06-05T17:39:38.454Z,input-checked,0
2025-06-05T17:39:38.465Z,memory-handled,0
2025-06-05T17:39:38.712Z,comprehensive-query-formed,0
2025-06-05T17:39:38.712Z,Starting iterative retrieval for: ""What scenarios are included in the 'Urban Level Emission Scenarios' dataset?"",0
2025-06-05T17:39:38.712Z,Iteration #1: reasoning,0
2025-06-05T17:39:45.609Z,start,0
2025-06-05T17:39:45.609Z,input-checked,0
2025-06-05T17:39:45.628Z,memory-handled,0
2025-06-05T17:39:45.874Z,comprehensive-query-formed,0
2025-06-05T17:39:45.874Z,Starting iterative retrieval for: ""What scenarios are included in the 'Urban Level Emission Scenarios' dataset?"",0
2025-06-05T17:39:45.874Z,Iteration #1: reasoning,0
2025-06-05T17:39:57.830Z,start,0
2025-06-05T17:39:57.830Z,input-checked,0
2025-06-05T17:39:57.840Z,memory-handled,0
2025-06-05T17:39:58.045Z,comprehensive-query-formed,0
2025-06-05T17:39:58.045Z,Starting iterative retrieval for: "What is the purpose of the Global Human Settlement Layer project?",0
2025-06-05T17:39:58.045Z,Iteration #1: reasoning,0
2025-06-05T17:40:03.199Z,start,0
2025-06-05T17:40:03.199Z,input-checked,0
2025-06-05T17:40:03.211Z,memory-handled,0
2025-06-05T17:40:03.403Z,comprehensive-query-formed,0
2025-06-05T17:40:03.403Z,Starting iterative retrieval for: "What is the purpose of the Global Human Settlement Layer project?",0
2025-06-05T17:40:03.403Z,Iteration #1: reasoning,0
2025-06-05T17:40:07.894Z,start,0
2025-06-05T17:40:07.894Z,input-checked,0
2025-06-05T17:40:07.905Z,memory-handled,0
2025-06-05T17:40:08.097Z,comprehensive-query-formed,0
2025-06-05T17:40:08.098Z,Starting iterative retrieval for: "What is the purpose of the Global Human Settlement Layer project?",0
2025-06-05T17:40:08.098Z,Iteration #1: reasoning,0
2025-06-05T17:40:16.034Z,start,0
2025-06-05T17:40:16.034Z,input-checked,0
2025-06-05T17:40:16.046Z,memory-handled,0
2025-06-05T17:40:16.208Z,comprehensive-query-formed,0
2025-06-05T17:40:16.208Z,Starting iterative retrieval for: "Which decision models are compared in the study?",0
2025-06-05T17:40:16.208Z,Iteration #1: reasoning,0
2025-06-05T17:40:20.172Z,start,0
2025-06-05T17:40:20.173Z,input-checked,0
2025-06-05T17:40:20.184Z,memory-handled,0
2025-06-05T17:40:20.336Z,comprehensive-query-formed,0
2025-06-05T17:40:20.337Z,Starting iterative retrieval for: "Which decision models are compared in the study?",0
2025-06-05T17:40:20.337Z,Iteration #1: reasoning,0
2025-06-05T17:40:24.683Z,start,0
2025-06-05T17:40:24.683Z,input-checked,0
2025-06-05T17:40:24.699Z,memory-handled,0
2025-06-05T17:40:24.849Z,comprehensive-query-formed,0
2025-06-05T17:40:24.849Z,Starting iterative retrieval for: "Which decision models are compared in the study?",0
2025-06-05T17:40:24.849Z,Iteration #1: reasoning,0
2025-06-05T17:40:30.167Z,start,0
2025-06-05T17:40:30.168Z,input-checked,1
2025-06-05T17:40:30.200Z,memory-handled,32
2025-06-05T17:40:30.427Z,comprehensive-query-formed,227
2025-06-05T17:40:30.428Z,Starting iterative retrieval for: "What makes the InSAR-based landslide mapping approach novel?",1
2025-06-05T17:40:30.428Z,Iteration #1: reasoning,0
2025-06-05T17:40:39.889Z,start,0
2025-06-05T17:40:39.889Z,input-checked,0
2025-06-05T17:40:39.902Z,memory-handled,13
2025-06-05T17:40:40.098Z,comprehensive-query-formed,196
2025-06-05T17:40:40.098Z,Starting iterative retrieval for: "What makes the InSAR-based landslide mapping approach novel?",0
2025-06-05T17:40:40.098Z,Iteration #1: reasoning,0
2025-06-05T17:40:47.999Z,start,0
2025-06-05T17:40:47.999Z,input-checked,0
2025-06-05T17:40:48.011Z,memory-handled,12
2025-06-05T17:40:48.206Z,comprehensive-query-formed,195
2025-06-05T17:40:48.206Z,Starting iterative retrieval for: "What makes the InSAR-based landslide mapping approach novel?",0
2025-06-05T17:40:48.206Z,Iteration #1: reasoning,0
2025-06-05T17:41:03.764Z,start,0
2025-06-05T17:41:03.764Z,input-checked,0
2025-06-05T17:41:03.776Z,memory-handled,12
2025-06-05T17:41:03.990Z,comprehensive-query-formed,214
2025-06-05T17:41:03.990Z,Starting iterative retrieval for: "What spatial metrics underpin the dam-failure risk framework?",0
2025-06-05T17:41:03.990Z,Iteration #1: reasoning,0
2025-06-05T17:41:13.086Z,start,0
2025-06-05T17:41:13.086Z,input-checked,0
2025-06-05T17:41:13.098Z,memory-handled,12
2025-06-05T17:41:13.296Z,comprehensive-query-formed,198
2025-06-05T17:41:13.296Z,Starting iterative retrieval for: "What spatial metrics underpin the dam-failure risk framework?",0
2025-06-05T17:41:13.296Z,Iteration #1: reasoning,0
2025-06-05T17:41:23.121Z,start,0
2025-06-05T17:41:23.121Z,input-checked,0
2025-06-05T17:41:23.132Z,memory-handled,11
2025-06-05T17:41:23.327Z,comprehensive-query-formed,195
2025-06-05T17:41:23.328Z,Starting iterative retrieval for: ""What spatial metrics underpin the dam-failure risk framework?"",1
2025-06-05T17:41:23.328Z,Iteration #1: reasoning,0
2025-06-05T17:41:35.874Z,start,0
2025-06-05T17:41:35.874Z,input-checked,0
2025-06-05T17:41:35.886Z,memory-handled,12
2025-06-05T17:41:36.050Z,comprehensive-query-formed,164
2025-06-05T17:41:36.050Z,Starting iterative retrieval for: "What does the national-level Twitter notebook demonstrate?",0
2025-06-05T17:41:36.050Z,Iteration #1: reasoning,0
2025-06-05T17:41:41.242Z,start,0
2025-06-05T17:41:41.242Z,input-checked,0
2025-06-05T17:41:41.255Z,memory-handled,13
2025-06-05T17:41:41.409Z,comprehensive-query-formed,154
2025-06-05T17:41:41.409Z,Starting iterative retrieval for: "What does the national-level Twitter notebook demonstrate?",0
2025-06-05T17:41:41.409Z,Iteration #1: reasoning,0
2025-06-05T17:41:44.412Z,start,0
2025-06-05T17:41:44.412Z,input-checked,0
2025-06-05T17:41:44.423Z,memory-handled,11
2025-06-05T17:41:44.576Z,comprehensive-query-formed,153
2025-06-05T17:41:44.576Z,Starting iterative retrieval for: "What does the national-level Twitter notebook demonstrate?",0
2025-06-05T17:41:44.576Z,Iteration #1: reasoning,0
2025-06-05T17:41:49.574Z,start,0
2025-06-05T17:41:49.574Z,input-checked,0
2025-06-05T17:41:49.586Z,memory-handled,12
2025-06-05T17:41:49.762Z,comprehensive-query-formed,176
2025-06-05T17:41:49.762Z,Starting iterative retrieval for: "Spatial resolutions compared in Chicago heat-sentiment notebook",0
2025-06-05T17:41:49.763Z,Iteration #1: reasoning,1
2025-06-05T17:41:54.283Z,start,0
2025-06-05T17:41:54.283Z,input-checked,0
2025-06-05T17:41:54.294Z,memory-handled,11
2025-06-05T17:41:54.462Z,comprehensive-query-formed,168
2025-06-05T17:41:54.462Z,Starting iterative retrieval for: "Spatial resolutions compared in Chicago heat-sentiment notebook",0
2025-06-05T17:41:54.462Z,Iteration #1: reasoning,0
2025-06-05T17:41:58.999Z,start,0
2025-06-05T17:41:59.000Z,input-checked,1
2025-06-05T17:41:59.010Z,memory-handled,10
2025-06-05T17:41:59.179Z,comprehensive-query-formed,169
2025-06-05T17:41:59.179Z,Starting iterative retrieval for: "Spatial resolutions compared in Chicago heat-sentiment notebook",0
2025-06-05T17:41:59.179Z,Iteration #1: reasoning,0
2025-06-05T17:42:06.379Z,start,0
2025-06-05T17:42:06.380Z,input-checked,1
2025-06-05T17:42:06.391Z,memory-handled,11
2025-06-05T17:42:06.624Z,comprehensive-query-formed,233
2025-06-05T17:42:06.624Z,Starting iterative retrieval for: ""Why is the fine-granularity heat-sentiment notebook useful?"",0
2025-06-05T17:42:06.624Z,Iteration #1: reasoning,0
2025-06-05T17:42:13.737Z,start,0
2025-06-05T17:42:13.737Z,input-checked,0
2025-06-05T17:42:13.750Z,memory-handled,13
2025-06-05T17:42:13.970Z,comprehensive-query-formed,220
2025-06-05T17:42:13.970Z,Starting iterative retrieval for: ""Why is the fine-granularity heat-sentiment notebook useful?"",0
2025-06-05T17:42:13.970Z,Iteration #1: reasoning,0
2025-06-05T17:42:22.095Z,start,0
2025-06-05T17:42:22.095Z,input-checked,0
2025-06-05T17:42:22.107Z,memory-handled,12
2025-06-05T17:42:22.329Z,comprehensive-query-formed,222
2025-06-05T17:42:22.329Z,Starting iterative retrieval for: ""Why is the fine-granularity heat-sentiment notebook useful?"",0
2025-06-05T17:42:22.329Z,Iteration #1: reasoning,0
2025-06-05T17:42:33.860Z,start,0
2025-06-05T17:42:33.860Z,input-checked,0
2025-06-05T17:42:33.872Z,memory-handled,12
2025-06-05T17:42:34.061Z,comprehensive-query-formed,189
2025-06-05T17:42:34.062Z,Starting iterative retrieval for: ""What does the Heat Dictionary provide for NLP tasks?"",1
2025-06-05T17:42:34.062Z,Iteration #1: reasoning,0
2025-06-05T17:42:37.546Z,start,0
2025-06-05T17:42:37.546Z,input-checked,0
2025-06-05T17:42:37.558Z,memory-handled,12
2025-06-05T17:42:37.738Z,comprehensive-query-formed,180
2025-06-05T17:42:37.738Z,Starting iterative retrieval for: ""What does the Heat Dictionary provide for NLP tasks?"",0
2025-06-05T17:42:37.738Z,Iteration #1: reasoning,0
2025-06-05T17:42:40.213Z,start,0
2025-06-05T17:42:40.213Z,input-checked,0
2025-06-05T17:42:40.224Z,memory-handled,11
2025-06-05T17:42:40.406Z,comprehensive-query-formed,182
2025-06-05T17:42:40.406Z,Starting iterative retrieval for: ""What does the Heat Dictionary provide for NLP tasks?"",0
2025-06-05T17:42:40.406Z,Iteration #1: reasoning,0
2025-06-05T17:42:47.787Z,start,0
2025-06-05T17:42:47.787Z,input-checked,0
2025-06-05T17:42:47.799Z,memory-handled,12
2025-06-05T17:42:48.050Z,comprehensive-query-formed,251
2025-06-05T17:42:48.050Z,Starting iterative retrieval for: "When was the Flood Risk Map for Caddo Parish, Louisiana produced?",0
2025-06-05T17:42:48.050Z,Iteration #1: reasoning,0
2025-06-05T17:42:52.205Z,start,0
2025-06-05T17:42:52.205Z,input-checked,0
2025-06-05T17:42:52.218Z,memory-handled,13
2025-06-05T17:42:52.450Z,comprehensive-query-formed,232
2025-06-05T17:42:52.450Z,Starting iterative retrieval for: "When was the Flood Risk Map for Caddo Parish, Louisiana produced?",0
2025-06-05T17:42:52.451Z,Iteration #1: reasoning,1
2025-06-05T17:42:56.508Z,start,0
2025-06-05T17:42:56.508Z,input-checked,0
2025-06-05T17:42:56.519Z,memory-handled,11
2025-06-05T17:42:56.753Z,comprehensive-query-formed,234
2025-06-05T17:42:56.753Z,Starting iterative retrieval for: ""When was the Flood Risk Map for Caddo Parish, Louisiana produced?"",0
2025-06-05T17:42:56.753Z,Iteration #1: reasoning,0
2025-06-05T17:43:03.333Z,start,0
2025-06-05T17:43:03.333Z,input-checked,0
2025-06-05T17:43:03.343Z,memory-handled,10
2025-06-05T17:43:03.541Z,comprehensive-query-formed,198
2025-06-05T17:43:03.541Z,Starting iterative retrieval for: "Grant Parish (LA) Flood Risk Map hydrologic basin",0
2025-06-05T17:43:03.542Z,Iteration #1: reasoning,1
2025-06-05T17:43:10.307Z,start,0
2025-06-05T17:43:10.307Z,input-checked,0
2025-06-05T17:43:10.321Z,memory-handled,14
2025-06-05T17:43:10.502Z,comprehensive-query-formed,181
2025-06-05T17:43:10.503Z,Starting iterative retrieval for: "Grant Parish (LA) Flood Risk Map hydrologic basin",1
2025-06-05T17:43:10.503Z,Iteration #1: reasoning,0
2025-06-05T17:43:17.796Z,start,0
2025-06-05T17:43:17.796Z,input-checked,0
2025-06-05T17:43:17.809Z,memory-handled,13
2025-06-05T17:43:17.994Z,comprehensive-query-formed,185
2025-06-05T17:43:17.994Z,Starting iterative retrieval for: "Grant Parish (LA) Flood Risk Map hydrologic basin",0
2025-06-05T17:43:17.994Z,Iteration #1: reasoning,0
2025-06-05T17:43:25.455Z,start,0
2025-06-05T17:43:25.455Z,input-checked,0
2025-06-05T17:43:25.466Z,memory-handled,11
2025-06-05T17:43:25.691Z,comprehensive-query-formed,225
2025-06-05T17:43:25.691Z,Starting iterative retrieval for: "What information is contained in the National Inventory of Dams dataset?",0
2025-06-05T17:43:25.691Z,Iteration #1: reasoning,0
2025-06-05T17:43:32.539Z,start,0
2025-06-05T17:43:32.539Z,input-checked,0
2025-06-05T17:43:32.553Z,memory-handled,14
2025-06-05T17:43:32.763Z,comprehensive-query-formed,210
2025-06-05T17:43:32.763Z,Starting iterative retrieval for: "What information is contained in the National Inventory of Dams dataset?",0
2025-06-05T17:43:32.763Z,Iteration #1: reasoning,0
2025-06-05T17:43:39.298Z,start,0
2025-06-05T17:43:39.298Z,input-checked,0
2025-06-05T17:43:39.309Z,memory-handled,11
2025-06-05T17:43:39.523Z,comprehensive-query-formed,214
2025-06-05T17:43:39.523Z,Starting iterative retrieval for: "What information is contained in the National Inventory of Dams dataset?",0
2025-06-05T17:43:39.523Z,Iteration #1: reasoning,0
2025-06-05T17:43:49.644Z,start,0
2025-06-05T17:43:49.644Z,input-checked,0
2025-06-05T17:43:49.655Z,memory-handled,11
2025-06-05T17:43:49.923Z,comprehensive-query-formed,268
2025-06-05T17:43:49.924Z,Starting iterative retrieval for: ""How does climate change affect dam-failure risk according to the rainfall-cluster study?"",1
2025-06-05T17:43:49.924Z,Iteration #1: reasoning,0
2025-06-05T17:43:59.620Z,start,0
2025-06-05T17:43:59.620Z,input-checked,0
2025-06-05T17:43:59.631Z,memory-handled,11
2025-06-05T17:43:59.884Z,comprehensive-query-formed,253
2025-06-05T17:43:59.884Z,Starting iterative retrieval for: ""How does climate change affect dam-failure risk according to the rainfall-cluster study?"",0
2025-06-05T17:43:59.884Z,Iteration #1: reasoning,0
2025-06-05T17:44:08.341Z,start,0
2025-06-05T17:44:08.341Z,input-checked,0
2025-06-05T17:44:08.352Z,memory-handled,11
2025-06-05T17:44:08.600Z,comprehensive-query-formed,248
2025-06-05T17:44:08.601Z,Starting iterative retrieval for: "How does climate change affect dam-failure risk according to the rainfall-cluster study?",1
2025-06-05T17:44:08.601Z,Iteration #1: reasoning,0
2025-06-05T17:44:22.281Z,start,0
2025-06-05T17:44:22.281Z,input-checked,0
2025-06-05T17:44:22.291Z,memory-handled,10
2025-06-05T17:44:22.597Z,comprehensive-query-formed,306
2025-06-05T17:44:22.598Z,Starting iterative retrieval for: ""What type of content is aggregated in the 'Google News Articles – Aging Dams' resource?"",1
2025-06-05T17:44:22.598Z,Iteration #1: reasoning,0
2025-06-05T17:44:27.177Z,start,0
2025-06-05T17:44:27.177Z,input-checked,0
2025-06-05T17:44:27.189Z,memory-handled,12
2025-06-05T17:44:27.479Z,comprehensive-query-formed,290
2025-06-05T17:44:27.479Z,Starting iterative retrieval for: ""What type of content is aggregated in the 'Google News Articles – Aging Dams' resource?"",0
2025-06-05T17:44:27.479Z,Iteration #1: reasoning,0
2025-06-05T17:44:32.546Z,start,0
2025-06-05T17:44:32.546Z,input-checked,0
2025-06-05T17:44:32.558Z,memory-handled,12
2025-06-05T17:44:32.848Z,comprehensive-query-formed,290
2025-06-05T17:44:32.848Z,Starting iterative retrieval for: ""What type of content is aggregated in the 'Google News Articles – Aging Dams' resource?"",0
2025-06-05T17:44:32.848Z,Iteration #1: reasoning,0
2025-06-05T17:44:40.885Z,start,0
2025-06-05T17:44:40.885Z,input-checked,0
2025-06-05T17:44:40.899Z,memory-handled,14
2025-06-05T17:44:41.128Z,comprehensive-query-formed,229
2025-06-05T17:44:41.128Z,Starting iterative retrieval for: ""What is the central argument of 'Aging Dams'?"",0
2025-06-05T17:44:41.128Z,Iteration #1: reasoning,0
2025-06-05T17:44:45.833Z,start,0
2025-06-05T17:44:45.833Z,input-checked,0
2025-06-05T17:44:45.845Z,memory-handled,12
2025-06-05T17:44:46.113Z,comprehensive-query-formed,268
2025-06-05T17:44:46.113Z,Starting iterative retrieval for: ""What is the central argument of the publication simply titled 'Aging Dams'?"",0
2025-06-05T17:44:46.113Z,Iteration #1: reasoning,0
2025-06-05T17:44:51.021Z,start,0
2025-06-05T17:44:51.021Z,input-checked,0
2025-06-05T17:44:51.037Z,memory-handled,16
2025-06-05T17:44:51.304Z,comprehensive-query-formed,267
2025-06-05T17:44:51.305Z,Starting iterative retrieval for: ""What is the central argument of the publication simply titled 'Aging Dams'?"",1
2025-06-05T17:44:51.305Z,Iteration #1: reasoning,0
2025-06-05T17:44:57.351Z,start,0
2025-06-05T17:44:57.351Z,input-checked,0
2025-06-05T17:44:57.363Z,memory-handled,12
2025-06-05T17:44:57.631Z,comprehensive-query-formed,268
2025-06-05T17:44:57.631Z,Starting iterative retrieval for: "What compound exposures are examined in the PM2.5–heat index study?",0
2025-06-05T17:44:57.631Z,Iteration #1: reasoning,0
2025-06-05T17:45:06.547Z,start,0
2025-06-05T17:45:06.547Z,input-checked,0
2025-06-05T17:45:06.559Z,memory-handled,12
2025-06-05T17:45:06.810Z,comprehensive-query-formed,251
2025-06-05T17:45:06.810Z,Starting iterative retrieval for: "What compound exposures are examined in the PM2.5–heat index study?",0
2025-06-05T17:45:06.810Z,Iteration #1: reasoning,0
2025-06-05T17:45:15.198Z,start,0
2025-06-05T17:45:15.198Z,input-checked,0
2025-06-05T17:45:15.221Z,memory-handled,23
2025-06-05T17:45:15.476Z,comprehensive-query-formed,255
2025-06-05T17:45:15.476Z,Starting iterative retrieval for: "What compound exposures are examined in the PM2.5–heat index study?",0
2025-06-05T17:45:15.476Z,Iteration #1: reasoning,0
2025-06-05T17:45:25.813Z,start,0
2025-06-05T17:45:25.813Z,input-checked,0
2025-06-05T17:45:25.826Z,memory-handled,13
2025-06-05T17:45:26.065Z,comprehensive-query-formed,239
2025-06-05T17:45:26.066Z,Starting iterative retrieval for: ""Why is GWPCA useful in the Philadelphia heat-vulnerability study?"",1
2025-06-05T17:45:26.066Z,Iteration #1: reasoning,0
2025-06-05T17:45:33.171Z,start,0
2025-06-05T17:45:33.171Z,input-checked,0
2025-06-05T17:45:33.183Z,memory-handled,12
2025-06-05T17:45:33.409Z,comprehensive-query-formed,226
2025-06-05T17:45:33.409Z,Starting iterative retrieval for: ""Why is GWPCA useful in the Philadelphia heat-vulnerability study?"",0
2025-06-05T17:45:33.409Z,Iteration #1: reasoning,0
2025-06-05T17:45:42.035Z,start,0
2025-06-05T17:45:42.035Z,input-checked,0
2025-06-05T17:45:42.047Z,memory-handled,12
2025-06-05T17:45:42.272Z,comprehensive-query-formed,225
2025-06-05T17:45:42.272Z,Starting iterative retrieval for: ""Why is GWPCA useful in the Philadelphia heat-vulnerability study?"",0
2025-06-05T17:45:42.272Z,Iteration #1: reasoning,0
2025-06-05T17:45:55.017Z,start,0
2025-06-05T17:45:55.017Z,input-checked,0
2025-06-05T17:45:55.028Z,memory-handled,11
2025-06-05T17:45:55.283Z,comprehensive-query-formed,255
2025-06-05T17:45:55.283Z,Starting iterative retrieval for: ""What satellite time span underpins the Tehran urban-heat-island analysis?"",0
2025-06-05T17:45:55.283Z,Iteration #1: reasoning,0
2025-06-05T17:46:01.644Z,start,0
2025-06-05T17:46:01.644Z,input-checked,0
2025-06-05T17:46:01.656Z,memory-handled,12
2025-06-05T17:46:01.901Z,comprehensive-query-formed,245
2025-06-05T17:46:01.901Z,Starting iterative retrieval for: "What satellite time span underpins the Tehran urban-heat-island analysis?",0
2025-06-05T17:46:01.901Z,Iteration #1: reasoning,0
2025-06-05T17:46:07.410Z,start,0
2025-06-05T17:46:07.410Z,input-checked,0
2025-06-05T17:46:07.421Z,memory-handled,11
2025-06-05T17:46:07.657Z,comprehensive-query-formed,236
2025-06-05T17:46:07.657Z,Starting iterative retrieval for: ""What satellite time span underpins the Tehran urban-heat-island analysis?"",0
2025-06-05T17:46:07.657Z,Iteration #1: reasoning,0
2025-06-05T17:46:17.302Z,start,0
2025-06-05T17:46:17.302Z,input-checked,0
2025-06-05T17:46:17.317Z,memory-handled,15
2025-06-05T17:46:17.564Z,comprehensive-query-formed,247
2025-06-05T17:46:17.564Z,Starting iterative retrieval for: "Which foundational publications introduce the telecoupling or metacoupling framework?",0
2025-06-05T17:46:17.564Z,Iteration #1: reasoning,0
2025-06-05T17:46:25.376Z,start,0
2025-06-05T17:46:25.377Z,input-checked,1
2025-06-05T17:46:25.405Z,memory-handled,28
2025-06-05T17:46:25.661Z,comprehensive-query-formed,256
2025-06-05T17:46:25.662Z,Starting iterative retrieval for: "Which foundational publications introduce the telecoupling or metacoupling framework?",1
2025-06-05T17:46:25.662Z,Iteration #1: reasoning,0
2025-06-05T17:46:36.964Z,start,0
2025-06-05T17:46:36.964Z,input-checked,0
2025-06-05T17:46:36.975Z,memory-handled,11
2025-06-05T17:46:37.217Z,comprehensive-query-formed,242
2025-06-05T17:46:37.217Z,Starting iterative retrieval for: "Which foundational publications introduce the telecoupling or metacoupling framework?",0
2025-06-05T17:46:37.217Z,Iteration #1: reasoning,0
2025-06-05T17:46:50.501Z,start,0
2025-06-05T17:46:50.501Z,input-checked,0
2025-06-05T17:46:50.512Z,memory-handled,11
2025-06-05T17:46:50.801Z,comprehensive-query-formed,289
2025-06-05T17:46:50.801Z,Starting iterative retrieval for: "What resources analyze spillover systems and transboundary flows in metacoupled contexts?",0
2025-06-05T17:46:50.801Z,Iteration #1: reasoning,0
2025-06-05T17:46:59.489Z,start,0
2025-06-05T17:46:59.489Z,input-checked,0
2025-06-05T17:46:59.501Z,memory-handled,12
2025-06-05T17:46:59.779Z,comprehensive-query-formed,278
2025-06-05T17:46:59.779Z,Starting iterative retrieval for: "What resources analyze spillover systems and transboundary flows in metacoupled contexts?",0
2025-06-05T17:46:59.779Z,Iteration #1: reasoning,0
2025-06-05T17:47:07.790Z,start,0
2025-06-05T17:47:07.790Z,input-checked,0
2025-06-05T17:47:07.803Z,memory-handled,13
2025-06-05T17:47:08.086Z,comprehensive-query-formed,283
2025-06-05T17:47:08.087Z,Starting iterative retrieval for: "What resources analyze spillover systems and transboundary flows in metacoupled contexts?",1
2025-06-05T17:47:08.087Z,Iteration #1: reasoning,0
2025-06-05T17:47:21.691Z,start,0
2025-06-05T17:47:21.691Z,input-checked,0
2025-06-05T17:47:21.702Z,memory-handled,11
2025-06-05T17:47:21.940Z,comprehensive-query-formed,238
2025-06-05T17:47:21.941Z,Starting iterative retrieval for: "Notebooks and datasets for analyzing human sentiments of heat exposure with Twitter data",1
2025-06-05T17:47:21.941Z,Iteration #1: reasoning,0
2025-06-05T17:47:31.770Z,start,0
2025-06-05T17:47:31.770Z,input-checked,0
2025-06-05T17:47:31.782Z,memory-handled,12
2025-06-05T17:47:32.009Z,comprehensive-query-formed,227
2025-06-05T17:47:32.009Z,Starting iterative retrieval for: "Notebooks and datasets for analyzing human sentiments of heat exposure with Twitter data",0
2025-06-05T17:47:32.009Z,Iteration #1: reasoning,0
2025-06-05T17:47:40.935Z,start,0
2025-06-05T17:47:40.935Z,input-checked,0
2025-06-05T17:47:40.946Z,memory-handled,11
2025-06-05T17:47:41.171Z,comprehensive-query-formed,225
2025-06-05T17:47:41.171Z,Starting iterative retrieval for: "Notebooks and datasets for analyzing human sentiments of heat exposure with Twitter data",0
2025-06-05T17:47:41.171Z,Iteration #1: reasoning,0
2025-06-05T17:47:55.611Z,start,0
2025-06-05T17:47:55.611Z,input-checked,0
2025-06-05T17:47:55.623Z,memory-handled,12
2025-06-05T17:47:55.844Z,comprehensive-query-formed,221
2025-06-05T17:47:55.844Z,Starting iterative retrieval for: "Heat vulnerability studies combining social vulnerability indices and environmental data in US cities",0
2025-06-05T17:47:55.844Z,Iteration #1: reasoning,0
2025-06-05T17:48:06.257Z,start,0
2025-06-05T17:48:06.257Z,input-checked,0
2025-06-05T17:48:06.270Z,memory-handled,13
2025-06-05T17:48:06.453Z,comprehensive-query-formed,183
2025-06-05T17:48:06.453Z,Starting iterative retrieval for: "Heat vulnerability studies combining social and environmental data in US cities",0
2025-06-05T17:48:06.453Z,Iteration #1: reasoning,0
2025-06-05T17:48:20.718Z,start,0
2025-06-05T17:48:20.718Z,input-checked,0
2025-06-05T17:48:20.729Z,memory-handled,11
2025-06-05T17:48:20.943Z,comprehensive-query-formed,214
2025-06-05T17:48:20.943Z,Starting iterative retrieval for: "Heat vulnerability studies combining social vulnerability indices and environmental data in US cities",0
2025-06-05T17:48:20.943Z,Iteration #1: reasoning,0
2025-06-05T17:48:35.234Z,start,0
2025-06-05T17:48:35.234Z,input-checked,0
2025-06-05T17:48:35.245Z,memory-handled,11
2025-06-05T17:48:35.431Z,comprehensive-query-formed,186
2025-06-05T17:48:35.431Z,Starting iterative retrieval for: "Global heat stress datasets useful for crop or labor studies",0
2025-06-05T17:48:35.431Z,Iteration #1: reasoning,0
